{"cameraMode":{"drawMode":0,"name":"Shaded","section":"Shading Mode"},"sceneLighting":true,"audioPlay":false,"sceneViewState":{"showFog":true,"showMaterialUpdate":false,"showSkybox":true,"showFlares":true,"showImageEffects":true,"showParticleSystems":true,"showVisualEffectGraphs":true,"m_FxEnabled":true},"in2DMode":false,"pivot":{"x":0.31613677740097048,"y":0.23577797412872315,"z":0.0021689534187316896},"rotation":{"x":0.23684164881706239,"y":-0.17775507271289826,"z":0.04412468895316124,"w":0.9541321396827698},"size":2.263262987136841,"orthographic":false}